aja,saja
adlh,adalah
akn,akan
aku,saya
amiiiin,amin
and,dan
anda,kamu
ane,saya
ap,apa
aps,apa
aq,saya
prodem,pro demokrasi
seenggak,setidak
benernya,benarnya
bener,benar
bag,bagian
sblmnya,sebelumnya
beud,sangat
gmn,bagaimana
bgmn,bagaimana
bkan,bukan
bl,bila
blg,bilang
blh,boleh
bnyak,banyak
blm,belum
blom,belum
blum,belum
bs,bisa
bsa,bisa
krja,kerja
byk,banyak
bnyk,banyak
bsk,besok
cb,coba
cm,hanya
cma,hanya
cuma,hanya
d,di
dngn,dengan
dg,dengan
demen,suka
dasyat,dahsyat
dgn,dengan
dlam,dalam
dlm,dalam
dn,dan
dng,dengan
dpt,dapat
dr,dari
dsar,dasar
dy,dia
dya,dia
en,dan
nggak,tidak
enggak,tidak
adem ayem,tenang
adem,sejuk
ente,kamu
gimana,bagaimana
gemana,gimana
g,tidak
ga,tidak
gak,tidak
gitu,begitu
gk,tidak
gt,begitu
tau,tahu
gtau,tidak tahu
gua,saya
gub,gubernur
die,dia
diemen,diam
gue,saya
gw,saya
hy,hanya
hny,hanya
hr,hari
hrus,harus
insaallah,insyaa allah
insallah,insyaa allah
insyaallah,insyaa allah
insyallah,insyaa allah
iy,iya
iye,iya
jd,jadi
jdi,jadi
jg,juga
jga,juga
jgn,jangan
jkwi,jokowi
w,saya
jkw,jokowi
pke,pakai
mncul,muncul
jk,jusuf kalla
jlas,jelas
jlek,jelek
jls,jelas
jng,jangan
Kalopun,kalau pun
jongosnya,pendukungnya
gawean,kerja
ktahuan,ketahuan
kalo,kalau
karna,karena
kau,kamu
seenggaknya,setidaknya
ngakunya,mengakunya
ngaku,mengaku
kl,kalau
ksh,kasih
klh,kalah
klo,kalau
klu,kalau
klw,kalau
km,kamu
knapa,kenapa
ko,kok
kog,kok
koq,kok
kpada,kepada
kpd,kepada
kpn,kapan
kreatip,kreatif
bahlul,bodoh
thn,tahun
sj,saja
tmn,teman
ktm,ketemu
kya,seperti
mknya,makanya
piawa,pandai
ott,operasi tangkap tangan
lbh,lebih
lbih,lebih
lg,lagi
lht,lihat
liat,lihat
liatin,lihat
lngsng,langsung
loe,kamu
lputan,liputan
lu,kamu
lw,kamu
med,selamat
mentri,menteri
met,selamat
mjd,menjadi
mksd,maksud
mngalami,mengalami
mngubah,mengubah
mnjadi,menjadi
mntri,menteri
mo,mau
ngelawan,melawan
mw,mau
ngk,tidak
nich,ini
n,dan
nganggur, menganggur
smua,semua
napa,kenapa
ndak,tidak
np,kenapa
ni,ini
konco,teman
hkmn,hukuman
mmerangi,memengangi
nnt,nanti
ntn,nonton
ogut,saya
ok,oke
okay,oke
o/,oleh
olh,oleh
org,orang
pake,pakai
pk,bapak
parpol,partai
atw,atau
pda,pada
pdhl,padahal
plh,pilih
poling,polling
prbndngan,perbandingan
pekok,bodoh
perwkonomian,perekonomian
prdamaian,perdamaian
mnjga,menjaga
mnjaga,menjaga
president,presiden
prnh,pernah
rakyt,rakyat
rky,rakyat
rkyat,rakyat
rkyt,rakyat
rmh,rumah
spnuhnya,sepenuhnya
sbg,sebagai
kpdnya,kepadanya
kpdny,kepadanya
sdah,sudah
top,mantap
sdara,saudara
seblmnya,sebelumnya
drpd,daripada
pahm,paham
sdh,sudah
se7,setuju
sekarg,sekarang
sgt,sangat
p,bapak
skp,sikap
sk,suka
klean,kalian
agta,anggota
dipasangin,dipasangka
sja,saja
nglanjutin,melanjutkan
ngelanjutin,melanjutkan
ngelanjutkan,melanjutkan
skrng,sekarang
slah,salah
masiv,masif
slera,selera
srh,suruh
sbab,sebab
smga,semoga
slh,salah
sm,sama
sngt,sangat
sodara,saudara
sprt,seperti
srius,serius
alm,almarhum
allhmdullilah,alhamdulillah
bbrap,beberapa
mndukung,mendukung
apalg,apalagi
smoga,semoga
spt,seperti
srkg,sekarang
ssh,susah
support,dukung
dipiara,dipelihara
doyan,suka
sy,saya
t4,tempat
nih,ini
kampret,sialan
mencydux,menciduk
tsk,tersangka
tp,tapi
tuh, itu
tdk,tidak
ttk,titik
thdp,terhadap
th,tahun
scptnya,secepatnya
trciptanya,terciptanya
wowo,prabowo
trus,terus
trs,terus
hrga,harga 
ttg,tentang
tuit,tweet
tuwir,tua
mingkem,tutup mata
uda,sudah
udah,sudah
udh,sudah
tuk,untuk
untk,untuk
utk,untuk
w,saya
wa,saya
y,ya
yg,yang
yng,yang
endonesa,indonesia
ia,dia
bapk,bapak
bpak,bapak
ntar,nantii
jd,jadi
pemrnth,pemerintahan
benera,benaran
trims,terima kasih
pgn,ingin
spy,supaya
menggoyang,menjatuhkan
bekrja,bekerja
ttp,tetap
 lgs,langsung
klau,kalau
cm,hanya
bs,bisa
tak,tidak
blm,belum
dg,dengan
ga,tidak
ngarep,berharap
bwh,bawah
pembnuh,pembunuh
jga,juga
jg,juga
gue,aku
tsb,tersebut
hny,hanya
psti,pasti
dgn,dengan
dr,dari
msh,masih
gitu,begitu
hnya,hanya
kmu,kamu
msih,masih
mmng,memang
bkn,bukan
jgn,jangan
jka,jika
ud,sudah
bhw,bahwa
prubahan,perubahan
lsg,langsung
sampek,sampai
smpai,sampai
sni,sini
ngira,mengira
mslh,masalah
tertnggal ,tertinggal
blio,beliau
go,tidak
walo,walau
intinx,intinya
bgm,bagaimana
bgmana,bagaimana
skrg,sekarang
brbanding,berbanding
trburuk,berburuk
trm,terima
kpemimpinan,kepemimpinan
mdalam,mendalam
dlm,dalam
merwka,mereka
jdnya,jadinya
tunjukin,tunjukkan
lanjutin,lanjutkan
melongo,diam
nanam,tanam
nangkep,nangkap
tlh,telah
gmanapun,bagaimanapun
gpp,tidak apa
dng,dengan
tgn,tangan
slalu,selalu
elo,kamu
smg,semoga
slama,selama
slm,selama
jkw,jokowi
dibca,dibaca
artix,artinya
mao,mau
slmt,selamat
rp,rupiah
mrpkan,merupakan
bukanx,bukannya
krna,karena
trhdp,terhadap
kepake,kepakai
jamannya,zamannya
sdgkn,sedangkan
sdg,sedang
abis,habis
pnjara,penjara
menyuport,mendukung
jorjoran,besar-besaran
msg,masing
ktr,kantor
trmsk,termasuk
goblok,bodoh
trang,terang
bwt,buat
jbatan,jabatan
akn,akan
sptnya,sepertinya
mngkn,mungkin
kowe,kamu
tnp,tanpa
trpendam,terpendam
now,sekarang
shg,sehingga
stlh,setelah
mnj,menjadi
kereen,keren
knp,kenapa
adl,adalah
keciiiilllll,kecil
bsr,besar
kpda,kepada
tolol,bodoh
sampe,sampai
ninggalin,meninggalkan
pst,pasti
sllu,selalu
twit,tweet
bukanx,bukannya
prov,provinsi
invest,investasi
enjoy,santai
kab,kabupaten
kepingin,kepengen
burem,buram
segede,sebesar
sgala,segala
orng,orang
beres,selesai
geng,kelompok
garing,bosan
mmpu,mampu
recoki,gaduh
ampe,sampai
disusupi,dimasuki
melek,lihat
jls,jelas
layak,pantas
ma,sama
sby,susilo bambang yudhoyono
nuduh,menuduh
didlm,didalam
jt,juta
bang,abang
bego,bodoh
mulu,terus
cn,cak nun
love,cinta
bacot,nyinyir
pak,bapak
junjungi,dukung
gebuk,hajar
lewaaat,lewat
action,akting
srg,sekarang
kele,kali
kli,kali
tb,tiba
kongkalikong,bekerja sama
ngutang,hutang
doang,saja
tiap,setiap
antek,pengikut
emngnya,memangnya
emang,memang
stengah,setengah
mraskn,merasakan
 prnytaan,pernyataan
brkata,berkata
diteken,ditekan
htl,hotel
apk,apakah
apkah,apakah
nt,nanti
duwit,uang
keluwarga,keluarga
kapl,kapal
sbgmna,sebagaimana
psl,pasal
terhdp,terhadap
kliatan,kelihatan
keliatan,kelihatan
lo,kamu
spti,seperti
statemen,pendapat
kemaren,kemarin
gerombolan,kelompok
rame,ramai
utang,hutang
merecoki,menggaduh
caya,percaya
ntuk,untuk
setau,setahu
mghina,menghina
nyumpet,sembunyi
nyamain,nyamakan
taug,tahu
pny,punya
ngomong,bicara
duit,uang
bbrp,beberapa
gamparin,tampar
kesel,kesal
ngejek,mengejek
dongok,bodoh
tetep,tetap
ksl,kesal
idialis,idealis
drasakan,dirasakan
ng,tidak
ngak,tidak
emperan,halaman
aku,saya
buanyaaakkkk,banyak
nyungsep,jatuh
pnya,punya
kelar,selesai
mjlnkan ,menjalankan
kibul,bohong
dikibuli,dibodohi
jlnny,jalannya
jlnnya,jalannya
jln,jalan
gede,besar
kudu,harus
becus,pintar
kian,makin
7an,tujuan
motiv,motif
bibib,habib
mamad,ahmad
nyerang,menyerang
genk,kelompok
elu,kamu
2F,fadli fahri
member,anggota
ngurusi,mengurus
ngerecoki,menggaduh
kgak,tidak
sjahtrakan,sejahterakan
ngikutin,mengikuti
kgk,tidak
kagak,tidak
jkt,jakarta
mhswa,mahasiswa
buruan,segera
kebakaean,kebaikkan
mnjatuhkn,menjatuhkan
hrsnya,harusnya
ngancam,mengancam
kmrn,kemarin
ngiri,iri
lelet,lambat
krj,kerja
mantaff,mantap
nyesel,menyesal
coblos,memilih
ane,saya
moga,semoga
bualan,bohong
ganyang,tangkap
jelekkkin,jelekkan
ngejelekin,menjelekkan
ngerasa,merasa
please,tolong
orla,orde lama
orba,orde baru
gercep,gerak cepat
ngerasain,merasakan
gini,begini
kyk,seperti
zonk,zon
a/n,atas nama
ar,amien rais
pengibulan,pembohong
Pengkibulan,pembohongan
ngibul,bohong
ngibuli,bohong
lasti,pasti
mandek,berhenti
brrti,berarti
naikin,naikkan
salut,hebat
nyadar,sadar
wataknya,sifatnya
garong,perampok
napi,nara pidana
hadew,aduh
bijimana,bagaimana
mendatngkan,mendatangkan
menjudge,menilai
ngga,tidak
mengakali,membohongi
ngacauin,mengacau
beresin,selesaikan
sorry,maaf
kluar,keluar
fair,adil
smart,pintar
tkgn,tukang
menjd,menjadi
dll,dan lain-lain
tlah,telah
hr,hari
smakin,semakin
preseden,teladan
ngurus,mengurus
nmanya,namanya
sblah,sebelah
ditugasi,ditugaskan
kluarga,keluarga
ngerongrong,mengganggu
terlht,terlihat
menghandle,mengatur
samain,samakan
dapet,dapat
ngaku,mengaku
koar,teriak
dah,sudah
ruet,ribut
trsebut,tersebut
btuhkan,butuhkan
ingetin,ingatkan
maturnuwum,terima kasih
tjd,terjadi
milih,pilih
ngejabat,menjabat
gua,saya
ksian,kasihan
gtu,begitu
menyakiti,menyakitkan
yme,yang maha esa
emak,ibu
perongrong,pengganggu
klompok,kelompok
berhrp,berharap
brarti,berarti
diem,diam
didengerin,didengarkan
drpd,dari pada
n,dan
nyulik,menculik
back,kembali
buy,membeli
pinter,pintar
uas,ustad abdul somad 
nyainginnya,bersaing
segoblok,sebodoh
itung,hitung
ngitung,hitung
bilangin,bilangkan
temen,teman
berstatement,berpendapat
menggerogoti,mengrongrong
mengcounter,menyerang
ngebacot,nyinyir
ngotot,ingin
penyerhn ,penyerahan
nie,ini
pade,pada
aqu,saya
jalim,zalim
mndpat,mendapat
perhtian,perhatian
slma,selama
sj,saja
nyolong,maling
ngamuk,marah
mengkerangkeng,mempenjarakan
beberkan,sampaikan
bodo,bodoh
strong,sabar
sampean,kamu
edan,dasar
legowo,sabar
Seyogianya,seharusnya
issu,isu
bhkn,bahkan
hyalah,hanyalah
pulisi,polisi
mudhan,mudahan
cabinet,kabinet
mangkanye,makanya
shere,share
pngajian,pengajian
tmbh,tambah
dibyr,dibayar
bhongnya,bohongnya
tnggapan,tanggapan
melulu,terus
kek,seperti
dengerin,dengarkan
ngegoyang,menggoyang
bner,benar
bener,benar
ketauan,ketahuan
and,dan
gank,kelompok
bgun,bangun
ndk,tidak
telen,telan
bulet,bulat
perhatiin,perhatikan
sn,setya novanto
sbuah,sebuah
diumpetin,disembunyikan
mengkem,diam
lgan,lagian
brantakan,berantakan
sndiri,sendiri
spya,supaya
sprti,seperti
walk out,keluar
mencr,mencari
monggo,silahkan
tangkep,tangkap
ngucur,mengalir
cma,hanya
bsa,bisa
jwb,jawab
tlg,tolong
nyesal,menyesal
asbun,asal bunyi
you know,kamu tahu
mcam,macam
rasain,rasakan
turunin,turunkan
br,baru
kmna,kemana
kmn,kemana
klh,kalah
ngelak,mengelak
mw,mau
bangeets,sekali
boongnya,bohongnya
boong,bohong
mkasih,terima kasih
bhwa,bahwa
pd,pada
hancuuuur, hancur
Paraaaaah,parah
pda,pada
boongan,bohongan
nurunin,nurunkan
negri,negeri
ngapresiasi,mengapresiasi
ngebayangin,membayangkan
sya,saya
kmudian,kemudia
dijadiin,dijadikan
ngarahin,mengarahkan
manfaatin,manfaatkan
klmpok,kelompok
lbh,lebih
piq,babi
jngan,jangan
sbgian,sebagian
ngeles,menghindar
negative,negatif
thingking,berpikir
laen,lain
nebeng,numpang
naek,naik
yth,yang terhormat
skrang,sekarang
kokohwi,jokowi
sebgian,sebagian
ancur,hancur
hancurin,hancurkan
nyela,mencela
nyusahkan,menyusahkan
membubarin,membubarkan
brang,barang
ntahlah,entahlah
kwalitas,kualitas
beritain,beritakan
cpat,cepat
orgtu,orang tua
ngatur,mengatur
masyrakat,masyarakat
seneng,senang
ngawasin,mengawasi
bln,bulan
pling,paling
plng,paling
adem ayem,tenang
tlglah,tolonglah
mmg,memang
ktegasan,ketegasan
trimakasih,terima kasih
sperti,seperti
plg,paling
dipajke,dipakai
lu,kamu
ente,kamu
mbengkak,membengkak
kmana,kemana
pndukung,pendukung
mntp,mantap
mlawan,melawan
kwn,kawan
dy,dia
kpla,kepala
dl,dulu
serahin,serahkan
kyak,seperti
ndesopun,desapun
kyknya,sepertinya
bgini,begini
dlu,dulu
sbnarnya,sebenarnya
naeknya,naiknya
berhsl,berhasil
mendpat,mendapat
Sdhlh,sudahlah
shrsnya,seharusnya
shr,seharus
make,makai
kmi,kami
ngk,tidak
warbiasak,luar biasa
bnci,benci
doeloe,dulu
lbih,lebih
menetang,menentang
neg,negara
warbiyasak,luarbiasa
ketakberpihakan ,ketidakberpihakan
ny,nya
ustdz,ustadz
mreka,mereka
pmrintah,pmrintah
programx,programnya
meraralela,merajalela
mrk,mereka
ina,indonesia
mlihat,melihat
demen,suka
bgt,begitu
emg,emang
banyangin,banyangkan
cmn,hanya
resim,rezim
rejim,rezim
indo,indonesia
pnting,penting
spnuhnya,sepenuhnya
trs,terus
g,tidak
trbesar,terbesar
duh,aduh
mengugat,menggugat
tanyain,tanyakan
napa,kenapa
blik,balik
prof,profesr
nyampe,sampai
nyalahin,menyalahkan
teralhir,terakhir
hikim,hukum
lwt,lewat
menhargai,menghargai
mlah,malah
pake,pakai
mikirin,mikirkan
lht,lihat
kritisx,kritisnya
mojokin,mojokkan
seorg,seorang
nyalahn,nyalahkan
jka,jika
sbgmn,sebagaimana
ngr,negara
mnyuruh,menyuruh
sgera,segera
bw,bawa
sma,sama
kta,kita
mnjaga,menjaga
mluruskan,meluruskan
ama,sama
wil,wilayah
thp,terhadap
gile,gila
srta,serta
mjd,menjadi
ktk,ketika
mendkg,mendukung
trima,terima
mslah,masalah
aje,aja
hrus,harus
pljran,pelajaran
ora percoyo, tidak percaya
mknya,makanya
gmn,gimana
mnjabat,menjabat
ktmu,ketemu
mngenai,mengenai
tengkiuw,terima kasih
sjauh,sejauh
jauh2,jauh-jauh
masyrkat,masyarakat
dsrnya,dasarnya
psal,pasal
disluruh,diseluruh
kndor,kendor
mjadi,menjadi
terjd,terjadi
dibenerin,dibenarkan
ame,sama
pres,presiden
ggl,gagal
mhal,mahal
klen,kalian
gx,tidak
nda,tidak
ato,atau
sblom,sebelum
ktnya,katanya
kt,kata
slm,salam
nma,nama
syg,sayang
mbawa,membawa
pokoke,pokoknya
aplg,apalagi
prl,perlu
jkt,jakarta
ktanya,katanya
pinternya,pintarnya
dak,tidak
ng,tidak
nothing,tidak ada
stiap,setiap
alloh,allah
ortnya,orangtuanya
pnjang,panjang
skg,sekarang
bravo,mantap
betol,betul
laporin,laporkan
sbagai,sebagai
tetp,tetap
jwban,jawaban
bdg,bandung
sbaiknya,sebaiknya
blom,belum
gen,generasi
msk,masuk
why,mengapa
ngerecokin,merecoki
duitnya,uangnya
merubah,mengubah
mnjm,menjamin
bersnergi,bersinergi
mewujudkn,mewujudkan
bkrj,bekerja
bkrjasma,bekerja sama
mngkin,mungkin
msti,mesti
blkg,belakang
tar,nanti
ngeliat,melihat
ude,sudah
bnr,benar
tmp,tempat
jokwi,jokowi
ngirim,mengirim
jwbnnya,jawabannya
slsaikn,selesaikan
dkung,dukung
pndkung,pendukung
trjadi,terjadi
hkum,hukum
skaranglah,sekaranglah
ngancem,mengancam
hadu,aduh
sono,sana
tbang,tebang
prcaya,percaya
pesen,pesan
jmlhnya,jumlahnya
ngenes,miris
baek,baik
gni,gini
emgnya,memangnya
sblum,sebelum
kyk,seperti
sbnrnya,sebenarnya
kykna,sepertinya
mo,mau
mersk,merusak
mlnggar,melanggar
des,desember
diemin,diamkan
didiemin,didiamkan
apkh,apakah
ne,ini
neh,ini
slamt,selamat
hri,hari
bnyak,banyak
lgi,lagi
tereak,teriak
polbus,politik busuk
ngecam,mengecam
dimatiin,dimatikan
dongok,bodoh
tetep,tetap
kenceng,kencang
bgm,bagaimana
opo,apa
iki,ini
jelekin,jelekkan
lom,belum
tdkkah,tidakkah
mgkin,mungkin
pmrnthn,pemerintahan
mrh,marah
mbls,membalas
sgt,sangat
stl,setelah
gunain,gunakan
bgnan,bangunan
mksd,maksud
mangnya,memangnya
mmgnya,memangnya
jatohin,jatuhkan
kaw,kamu
brani,bernai
aza,aja
sdng,sedang
lpgn,lapangan
Kweereenn,keren
bknnya,bukannya
atou,atau
bgmn,bagaimana
gegara,gara-gara
trus,terus
dolo,dulu
nti,nanti
mhn,mohon
leluasa,bebas
trhadap,terhadap
smua,semua
smp,sampai
adem,tenang
infrast,infrastrutur
infra,infrastruktur
stuju,setuju
spndpt,sependapat
ogah,enggan
Hadehhh,aduh
kudu,perlu
kcau,kacau
prnh,pernah
msa,masa
ditangkep,ditangkap
palalu,kepalamu
mnjd,menjadi
seakn,seakan
ttpi,tetapi
bkerja,bekerja
mksudnya,maksudnya
orngnya,orangnya
trimksh,terima kasih
menjg,menjaga
bacotnye,nyinyirnya
bacot,nyinyir
dipake,dipakai
sjk,sejak
sapa,siapa
blg,bilang
bpk,bapak 
sgl,segala
sdgkan,sedangkan
sgr,segera
mlu,malu
hrpn,harapan
dkng,dukung
bhkan,bahkan
spt,seperti
hkm,hukum
stgh,setengah
bingit,banget
alesan,alasan
tksh,terima kasih
klrga,keluarga
tw,tahu
rakjat,rakyat
terlnjur,terlanjur
krg,kurang
sbnarny,sebenarnya
kayanya,sepertinya
bbr,beberapa
kedlm,kedalam
sekrg,sekarang
jmn,zaman
nggk,tidak
ats,atas
oye,oke
kcl,kecil
bgn,bangun
sekarng,sekarng
ngelunjak,melunjak
mrka,mereka
congrats,selamat
idup,hidup
ybs,yang bersangkutan
pemrinthan,pemerintahan
bngt,banget
tersbt,tersebut
rahmarah,marah
cupet,cepat
dri,dari
mmaksa,memaksa
bwhannya,bawahannya
jbtan,jabatan
slmat,selamat
menjalnkn,menjalankan
u/,untuk
kptsan,keputusan
sll,selalu
salh,salah
nmn,namun
nmnya,namanya
ngetwit,tweet
brsama,bersama
brsma,bersama
smkn,semakin
mang,memang
gra,gara
nntn,nonton
mnrt,menurt
jngn,jangan
tu,itu
k,ke
lupain,lupakan
brkaitan,berkaitan
mengendlikan,mengendalikan
sudh,sudah
mendpt,medapat
dapt,dapat
mendptkan,mendapatkan
kowe,kamu
masy,masyarakat
ngra,negara
srd,saudara
d,di
tuk,untuk
bedain,bedakan
direnungin,direnungkan
beye,susilo bambang yudhoyono
dngki,dengki
issue,isu
nieh,ini
or,atau
koq,kok
parte,partai
bukn,bukan
pernh,pernah
warning,peringatan
melampoi,melampaui
bdampak,berdampak
dipinjem,dipinjam
blon,belum
krjkn,kerjakan
alhmdllh,alhamdulillah 
qt,kita
sdhlah,sudahlah
wkt,waktu
lmbga,lembaga
pkrja,pekerja
wktu,waktu
brhsl,berhasil
brhsil,berhasil
terbr,terbaru
tegor,tegur
sgtu,segitu
maen,main
ngantrinya,mengantrinya
gedhe,besar
ne,ini
ngawur,asal-asalan
keruan,tentu
twit,tweet
mnjalankan,menjalankan
trmaksh,terima kasih
keluarin,keluarkan
ngedumel,marah
mnjlkn,menjalankan
diblk,dibalik
skr,sekarang
sls,selesai
ngungsi,mengungsi
sebwsar,sebesar
pr,para
bsnya,bisanya
nyusahin,menyusahkan
cn,caknun
cape,capek
dpake,dipakai
byr,bayar
jng,jangan
gerindong,gerinda
koalisix,koalisinya
sapapun,siapapun
pekaes,pks
elu,kamu
salagi,selagi
tntng,tentang
gua,saya
dibubarin,dibubarkan
berbah,berubah
taun,tahun
taunya,tahunya
bca,baca
tsk,tersangka
mlht,melihat
fkta,fakta
ketahuan,ketahuan
belom,belum
mndptkn,mendapatkan
dtg,datang
tbaik,terbaik
berjln,berjalan
kluarin,keluarkan
bgmna,bagaimana
ngelarang,melarang
bloon,bodoh
cemana,bagaimana
diturunin,diturunkan
diingatin,diingatkan
bts,batas
padet,padat
mindahin,mindahkan
pindahin,pindahkan
diapain,diapakan
pa,bapak
sistim,sistem
srng,sering
leadership,kepemimpinan
out,keluar
tul,betul
bdng,bidang
hy,hanya
deket,dekat
skalian,sekalian
ajarin,ajarkan
mbenci,membenci
mlarat,melarat
dipinggirin,dipinggirkan
onta,unta
ndeso,kampungan
belio,beliau
ttep,tetap
trmasuk,termasuk
taun2,tahun-tahun
ntr,nanti
ntar,nanti
gerimbolan,gerombolan
abis,habis
thx,terima kasih
mmbrikan,memberikan
getoff,keluar
jlan,jalan
yaqin,yakin
setau,setahu
scr,secara
jua,juga
trllu,terlalu
dn,dan
handehh,aduh
krn,karena 
elok,bagus
ndak,tidak
males,malas 
rubuh,roboh
kaleum,santai
ngumpet,sembunyi
ngelayani,melayani
ngimpi,mimpi
bubarin,bubarkan
kbnykn,kebanyakan
wkl,wakil
dng,dengan
lh,lah
kn,kan
ditegasin,ditegaskan
sbgi,sebagai
didpt ,didapat
goodbye,selamat tinggal
dkat,dekat
tks,terima kasih
jalanin,jalankan
tntnya,tentunya
pmrntah,pemerintah
hayo,ayo
ketangkep,ketangkap
cpt,cepat 
mk,maka 
tendyangg,tentang
mntri,menteri
mlibatkan,melibatkan
am,sama
ktngkap,ketangkap
scra,secara
ntn,nonton
perlahan2,perlahan-lahan
tkng,tukang
sbsr,sebesar
ntu,itu
dmna,dimana
dmana,dimana
dmn,dimana 
akherat,akhirat
redho,ridho
gila2an,gila-gilaan
mantab,mantap
iyes,iya
da,ada
saty2nya,satu-satunya
doeloe,dulu
sdkt,sedikit
kliru,keliru
mnjdi,menjadi
sodaraku,saudaraku
gbr,gambar
sebrang,seberang
tdklah,tidaklah
prsden,presiden
ahir,akhir
pemb,pembangunan
doain,doakan
horang,orang
sing,orang
waras,sehat
jlang,jelang
tengok,lihat
mslhnya,masalahnya
blio,beliau
dikibulin,dibohongi
hmpr,hampir
optmis,optimis
masya,masyarakat
msyrkat,masyarakat
nyalain,nyalahkan
mghujat,menghujat
indon,indonesia
setaun,setahun
Warbyasak,luarbiasa
kaga,tidak 
bp,bapak
oonnya,bodohnya
ocehin,ocehkan
mekso,maksa
ngejatuhin,menjatuhkan
mampaat,manfaat
nganggurin,menganggurkan
ngkritik,mengkritik
pk,bapak
gub,gubernur
sppun,siapapun
nggih,baik
triak,teriak
kbanyakan ,kebanyakan
ngrecoki,merecoki
ngmg,bicara
nerusin,meneruskan
taux,tahunya
ja,aja
 sbelmnya,sebelumnya
pmrthan,pemerintahan
jatuhin,jatuhkan
diselesaiin,diselesaikan
ngaitin,mengaitkan
unt,untuk
perbhan,perubahan
terllu,terlalu
u,untuk
sampean,kamu
cogrtaz ,selamat
mntal,mental
kepd,kepada
wong,orang
semuax,semuanya
trims,terima kasih
berlama2,berlama-lama
mrpkan,merupakan
klow,kalau
haknye,haknya
and,dan
bengkokin,bengkokkan
mnambah,menambah
agamanye,agamanya
d,di
k,ke
diserng,diserang
apdate,update
pingin,ingin
cilik,kecil
ad,ada
mksdnya,maksudnya
dijaman,dizaman
gmna,bagaimana
prcya,percaya
inget,ingat
benera,benaran
denger,dengar
dengernya,dengarnya
dkg,dukung
slrh,seluruh
upcr,upacara
ttng,tentang
laen,lain
minjem,minjam
mmbangun,membangun
diprlukan,diperlukan
brbagai,berbagai
ngliat,melihat
gede2an,besar-besaran
dodol,bodoh
tdknya,tidaknya
tngh,tengah
brhrp,berharap
ngutang,hutang
ijin,izin
gx,tidak
nyungsep,jatuh
nyungsepkan,jatuhkan
emg,memang
nga,tidak
dikrnkan,dikarenakan
nongol,muncul
terdpn,terdepan
nyelesaiin,menyelesaikan
mnurut,menurut
mnrut,menurut
pndpt,pendapat 
ributin,ributkan
salahin,salahkan
disalahin,disalahkan
ajah,aja
bahlul,bodoh
mencydux,menciduk
prhatikan,perhatikan
berhentiin,berhentikan
tiati,hati hati
diteriakin,diteriakan
tar,nanti
teyuss,terus
naekin,naikkan
ugkp,ungkap
mmbela,membela
wlw,walaupun
wadoh,aduh
jgnkan,jangankan
tadz,ustadz
diramein,diramaikan
neh,ini
dibubarkn,dibubarkan
thq,terima kasih
warbisayasak,luarbiasa
pembnuh,pembunuh
ngapaen,ngapain
ind,indonesia
Pmrnth,pemerintahan
dipakek,dipakai
dngnya,dengannya
brharap,berharap
berwnang,berwenang
kao,kau
agiah,kasih
x,kali
hitunganx,hitungannya
trmksh,terima kasih
klpk,kelompok
ngarti,mengerti
pakta,fakta
pidio,video
klmpk,kelompok
mlempem,lemah
Jealous,cemburu
ngibul,bohong
wonk,orang
taggngjwb,tanggung jawab
suport,semangat
mensuport,mendukung
brjalan,berjalan
trhjun,terjun
bobo,tidur
ngingetin,mengingatkan
ttap,tetap
sndiri,sendiri
sbgai,sebagai
kbrhsilannya,keberhasilannya
ksmptn,kesempatan
tk,tidak
pade,pada
stelah,setelah
songong,sombong
jman,zaman
jdkan,jadikan
perbaikin,perbaikkan
cucok,cocok
mekritik,mengkritik
mngganggu,mengganggu
sbb,sebab
mnjalankn,menjalankan
ditulisin,dituliskan
sedng,sedang
diparingi,diberikan
sngaja,sengaja
guoblok,bodoh
pnegakan,penegakan
sbenarnya,sebenarnya
sgrombolan,segerombolan
blakangnya,belakangnya
gobloknya,bodohnya
nywa,nyawa
lgsg,langsung
twitnya,tweetnya
mghiraukan,menghiraukan
ssuai,sesuai
maem,makan
sstu,sesuatu
pntr,pintar
kmntrin,komentarin
adakh,adakah
krya,karya
taulah,tahulah
mbayar,membayar
tlong,tolong
prsh,perusahaan
perlihatkn,perlihatkan
kbtln,kebetulan
konci,kunci
sorga,surga
jend,jenderal
agree,benar
khbisan,kehabisan
ngancurin,menghancurkan
kjadian,kejadian
mnjatuhkan,menjatuhkan
kcuali,kecuali
mlulu,melulu
dislesaikan,diselesaikan
rnkp,rangkap
jbtn,jabatan
msalah,msalah
dalm,dalam
blng,bilang
acr,acara
koplak,idot
tdrnya,tidurnya
didalem,didalam
bngun,bangun
membngun,membangun
stdkny,setidaknya
gendeng,gila
share,bagikan
keleusss,kali
bingit,sekali
kliatan,kelihatan
stidaknya,setidaknya
nehh,ini
jelasin,jelaskan
ktm,ketemu
ktmu,ketemu
waket,wakil ketua
pilkada,pemilihan daerah
pilpres,pemilihan presiden
pemilu,pemilihan umum
smw,semua
enek,muak
mlakukan,melakukan
projo,pro jokowi
prabs,prabowo
smi,sri mulyani
nyiyir,cerewet
dibwt,dibuat
tdhp,terhadap
 ngalahin,mengalahkan
memprofokasi,memprovokasi
diladenin,dilawan
jongos,pelayan
jongosnya,pelayannya
jongosnye,pelayannya
nyamar,menyamar
asslm,assalamualaikum
spanjang,sepanjang
goal,tujuan
pdkg,pendukung
lovers,pencinta
haters,membenci
sgh,sungguh
item,hitam
lgs,langsung
pelangganx,pelanggannya
klian,kalian
kelean,kalian
brmnfaat,bermanfaat
backgroundnya,latarbelakangnya
ngeblok,memblokir
pemrintahan ,pemerintahan
maks,maksimal
ujug,ujung
katakn,katakan
sehrsny,seharusnya
bknlah,bukanlah
mngatakan,mengatakan
mnyisakan,menyisakan
mbantu,membantu
jbtanny,jabatannya
mmanjakan,memanjakan
ngimpiii,mimpi
toooop,top
neolib,neoliberal
iyaaa,iya
adduuhhh,aduh
hancurr,hancur
mangkraaakkkk,mangkrak
kaya,seperti
mksh,terima kasih
mkasih,terima kasih
mksih,terima kasih
byar,bayar
nyeselllll,menyesal
dikwatirkan,dikhawatirkan
dilakuin,dilakukan
ttrhdp,terhadap
ngasih,memberi
jelaakan,jelaskan
bendugan,bendungan
sebutang,sebutan
btw,ngomong-ngomong
menohok,menusuk
pekrja,pekerja
pkrj,pekerja
kmbali,kembali
mnpati,menepati
mnepati,menepati
brisik,berisik
jumawa,angkuh
tabiat,sifat
gausah,tidak usah
maree,mari
keliatan,kelihatan
dibodohin,dibodohkan
trcnta,tercinta
kesejahtraan,kesejahteraan
smata,semata
bngsa,bangsa
gratiss,gratis
ahlix,ahlinya
atasanx,atasannya
eta,era
congratulation,selamat
tjawab,tanggungjawab
amboradol,amburadul
serem,seram
gaberner,tidak benar
pengen,ingin
monggo,mari
bowo,prabowo
meroke,merauke
ngmng,bicara
mknye,makanya
jdlah,jadilah
diksh,dikasih
mgkn,mungkin
jwbnya,jawabnya
capa,siapa
kereeeen,keren
ayoo,ayo
paaaaak,bapak
mo,mau
labih,lebih
secra,secara
mskpun,meskipun
mngrti,mengerti
mnjlnkn,menjalankan
gileee,gila
hx,hanya
trsbt,tersebut
tsbt,tersebut
disebutx,disebutnya
satux,satunya
ketrima,keterima
mrk,mereka
menyusupkn,menyusupkan
difikirkan,dipikirkan
positive,positif
thingking,berpikir
terhrmt,terhormat
maca,masa
klpok,kelompok
luruskn,luruskan
puyeng,pusing
sayah,saya
adax,adanya
kerjax,kerjanya
hatinx,hatinya
pmbngnan,pembangunan
sgla,segala
htg,hutang
slruh,seluruh
jl,jalan
menjd,menjadi
br,biar
ms,masa
tanggungjwb,tanggungjawab
proide,periode
jmlh,jumlah
sjk,sejak
trlksna,terlaksana
ketidkadilan,ketidakadilan
bhw,bahwa
hrusnya,harusnya
sdr,saudara
realitany,realitanya
mnjbat,menjabat
mnjabt,menjabat
sdkt,sedekat
sedkt,sedekat
skarang,sekarang
brp,berapa
ancman,ancaman
brjenggot,berjenggot
dsr,dasar
smpe,sampai
fikir,pikir
gag,tidak
kasi,kasih
teehormat,terhormat
mlm,malam
pemgacau,pengacau
sebelumny,sebelumnya
rakyatny,rakyatnya
pa,apa
aga,aja
lw,kalau
beati,berarti
dpannya,depannya
olok,ejek
mememang,memang
slain,selain
awam,biasa
asiknyaa,asyiknya
kayak,seperti
teang,tenang
meneriaki,meneriakkan
pdahal,padahal
banguuunn,bangun
president,presiden
puter,putar
moga,semoga
jauuuh,jauh
tngkatkan,tingkatkan
dispin,disisipi
gk,tidak
boongan,bohongan
simpatik,simpati
kesemrawutan,kekacauan
fihak,pihak
ayook,ayo
ayok,ayo
belaa,bela
belaiinn,belain
beluurr,belur
berantem,berkelahi
mfitnah,memfitnah
majuu,maju 
terusss,terus
selaluu,selalu
bsrta,beserta
bserta,beserta
d,di
alm,almarhum
nglanjutin,melanjutkan
sng,senang
k,ke
ketauan,ketahuan
mrpkn,merupakan
diberesin,diselesaikan
pa,pak
aer,air
cetaaaar,cetar
gimn,bagaimana
borjo,kaya
indo,indonesia
ahir,akhir
nitizen,netizen
ditangkepin,ditangkap
mmbahu,membahu
success,sukses
ptestasi,prestasi
menudu,menuduh
unk,untuk
kudu,harus
sebangda,sebangsa
mnikmati,menikmati
guoooblokkk,bodoh
g,tidak
strategy,strategi
nye,nya
cemana,bagaimana
thd,terhadap
ayulah,ayolah
kepingin,inign
nich,ini
brt,berita
import,impor
menunjukkn,menunjukkan
somplak,gila
pkde,bapak
muluuu,terus
efpei,fpi
nglamar,melamar
sakin,semakin
preett,kampret
setaaann,setan
liat,lihat
bgs,bagus
dgr,dengar
lpn,walaupun
gabener,tidak benar
nganggurin ,menganggurkan
real,nyata
ninggalin,ninggalkan
loe,kamu
beres,selesai
recokin,gaduh
yarat,syarat
mmcpai,mencapai
sebarin,sebarkan
tsb,tersebut
terimakasir,terima kasih
buyback,beli kembali
duh,aduh
happy,gembira
ending,berakhir
menyejahterakan,mensejahterakan
waduh,aduh
hasilx,hasilnya
ddaerh,didaerah
mngenai,mengenai
liath,lihat
ktimpangan,ketimpangan
buntinya,buktinya
dak,tidak
cume,hanya
cuhatan,curhatan
ngegaji,menggaji
ngebantu,membantu
piye,bagaimana
prosentase,presentase
seblm,sebelum
kgk,tidak
ngomongny,bicaranya
teesebar,tersebar
kenerja,kinerja
asik,asyik
mantaaappp,mantap
tangkepin,tangkap
ngurusi,mengurus
senderi,sendiri
hayooo,ayo
ato,atau
doank,aja
nerusak,merusak
pres,presiden
andaaa,anda
bego,bodoh
berthn,bertahun
sblumnya,sebelumnya
slamat,selamat
sodara,saudara
ma,sama
jowowi,jokowi
klg,keluarga
mu,kamu
mnangkap,menangkap
mnngkp,menangkap
syah,sah
ngedukung,mendukung
aneeh,aneh
bangett,banget
masukin,masukkan
penyeludupan,penyelendupan
kandang,kadang
mengpliksikan,mengaplikasikan
kehdupn,kehidupan
berngara,bernegara
hanx,hanya
priode,periode
makax,makanya
kabinetnx,kabinetnya
sebelomnya,sebelumnya
belom,belum
sepertix,sepertinya
tenaaang,tenang
ceumungut,semangat
warusan,warisan
tlambat,terlambat
hrpkan,harapkan
gamau,tidak mau
mngharapkan,mengharapkan
mngharap,mengharap
pahamkaaan,pahamkan
pertum,pertumbuhan
ntar,nanti
ngarep,berharap
didpt,didapat
memakmurkn,memakmurkan
guburnur,gubernur
ut,untuk
nyindir,menyindir
jls,jelas
mrklah,merekalah
smbyi,sembunyi
gapapa,tidak apa
skr,sekarang
nggaji,menggaji
dipake,dipakai
qt,kita
mntap,mantap
belio,beliau
taun,tahun
mnzolimi,menzalimi
mgembosi,mengambil
tebel,tebal
gaboleh,tidak boleh
kecewakn,kecewakan
teleransi,toleransi
skalipun,sekalipun
adlah,adalah
ksalahan,kesalahan
trmsuk,termasuk
cogrtaz,selamat
nyikapin,menyikapi
nyebabin,menyebabkan
menjlnkan,menjalankan
dkat,dekat
koment,komentar
mrasknan,merasakan
pembisikny ,pembisiknya
ayooo,ayo
indinesia,indonesia
menjesejaterah,mensejahterakan
gaosah,tidak usah
trutama,terutama
menfitnah,memfitnah
bgmn,bagaimana
mhsw,mahasiswa
waras,sehat
presd,presiden
kkuranganya,kekurangannya
prmasalahan,permasalahan
nunjukin,menunjukkan
tolok,tolak
dsuruh,disuruh
tanem,tanam
tspi,tapi
kedungian,kedunguan
nanganin,menangani
merahhh,merah
aprsiasi,apresiasi
bliau,beliau
pmbangunan,pembangunan
sngat,sangat
yakalo,iya kalau
nihh,ini
memetingkan,mementingkan
trtingga,tertinggal
enteng,mudah
shingga,sehingga
apalgi,apalagi
walo,walau
nnurutmu,menurutmu
cepet,cepat
neeh,ini
trima,terima
kemajuann,kemajuan
yess,iya
jemaah,jamaah
seblah,sebelah
jkwi,jokowi
skdar ,sekedar
kbjikan,kebijakan
prde,periode
bgaimanapun,bagaimanapun
silakan,silahkan
skalian,sekalian
mo,mau
ampe,sampai
kga,tidak
jelekin,jelekkan
trs,terus
diliat,dilihat
bg,bagi
bid,bidang
tll,terlalu
kwj,kewajiban
tgjwb,tanggung jawan
hoby,suka
tetep,tetap
skali,sekali
sido,sudah
demen,suka
ngoceh,bicara
infrastructure,infrastruktur
mkng,mungkin
bidoh,bodoh
mantaf,mantap
mantaff,mantap
mdpt,mendapat
setuap,setiap
problema,masalah
silahken,silahkan
tdpt,terdapat
kayek,seperti
budeg,tuli
Junjunganny,junjungannya
keberhsilan,keberhasilan
mboseni,membosankan
tampatan,tamparan
brda,berada
skl,sekali
dibrlakukn,diberlakukan
dibubarkn,dibubarkan
qta,kita
pade,pada
ade,ada
wktnya,waktunya
sygngnya,sayangnya
dbicarakan,dibicarakan
mengeluarkn,mengeluarkan
btul,betul
dipenjemnya,dipinjamnya
yukkk,ayo
lupain,lupakan
menelorkan,menelurkan
diributin,diributkan
syaiton,setan
jelex,jeleknya
dy,dia
ditawarin,ditawarkan
bangettt,banget
khan,kan
nha,ini
parte,partai
ngisi,isi
jangann,jangan
mnjawab,menjawab
faham,paham
pakkkk,pak
bner,benar
syeitan,setan
ama,sama
bajer,bazzer
kebakaean,kebaikkan
ngasal,asal
mndingan,mendingan
lanjutin,lanjutkan
woles,sabar
lebh,lebih
perhatiin,perhatikan
kitany,kitanya
antra,antara
kbetulan,kebetulan
brbau,berbau
majuuuu,maju
spakat,sepakat
brada,berada
ngeritik,mengkritik
smudah,semudah
wil,wilayah
brhasil,berhasil
khususny,khususnya
ngomongin,ngomongkan
trkesan,terkesan
nganggur,menganggur
ciptain,ciptakan
mantaaap,mantap
nyari,mencari
mulu,terus
prasaan,perasaan
buaaangeet,banget
pidio,video
kaciaaaan,kasihan
ngeludah,meludah
kmrin,kemarin
mkin,makin
ea,ya
terbaikk,terbaik
raky,rakyat
mang,memang
njelasin,menjelaskan
byak,banyak
dkungan,dukungan
mnginginkan,menginginkan
mikirin,memikirkan
gagaaaaal,gagal
calooon,calon
lagiiiii,lagi
mentrinya,menterinya
abisan,habisan
nyebarin,menyebarkan
wuaduh,aduh
membgun,membangun
janjiy,janjinya
plesiden,presiden
madiri,mandiri
nyungseppp,jatuh
ngutang,hutang
sodorkan,berikan
lnjuti,lanjuti
hadeeh,aduh
ketahuilh,ketahuilah
bersihin,bersihkan
gede,besar
sapa,siapa
bakaln,bakalan
jml,jumlah
katain,katakan
meguatkan,menguatkan
mnjlankan,menjalankan
btp,betapa
jmn,zaman
sehrsnya,seharusnya
tertuntu,tertentu
met,selamat
ogah,enggan
failed,gagal
brenti,berhenti
mnuju,menuju
mnju,menuju
nganggap,menganggap
nyerang,menyerang
nga,tidak
bhkan,bahkan
snggup,sanggup
terabaikn,terabaikan
dept,departemen
modaarr,mati
infra,infrastruktur
ngelesnya,alasannya
mnempati,menempati
mantappp,mantap
gantiin,gantikan
mantabh,mantap
ngelucu,melucu
ajah,aja
pke,pakai
jokwi,jokowi
kereeeen,keren
akhirx,akhirnya
krena,karena
trlihat,terlihat
laporin,laporkan
nti,nanti
ngehina,menghina
kuenceng,kencang
tereak,teriak
ngalir,mengalir
gabisa,tidak bisa
dibanggain,dibanggakan
tinggalin,tinggalkan
idup,hidup
gakda,tidak ada
gaksah,tidak susah
olokn,ejekan
pekaes,pks
mustinya,harusnya
ancuur,hancur
smkin,semakin
ngerasa,merasa
ngejek,mengejek
ngg,tidak
naek,naik
wlpun,walaupun
pingin,ingin
bigimana,bagaimana
mmpercaykn,mempercayakan
tmsk,termasuk
hnyalah,hanyalah
koalisix,koalisinya
mnrtku,menurutku
lemot,lama
disbt,disebut
o,oleh
u,untuk
jgan,jangan
jatohin,jatuhkan
dpet,dapat
ngbom,membom
ngustad,ustadz
nyebutin,menyebutkan
spnjng,sepanjang
sjarah,sejarah
mnjga,menjaga
brikutnya,berikutnya
nyelesain,menyelesaikan
ngelapor,melapor
lelet,lambat
ngesahkan,mengesahkan
harusx,harusnya
ngelarang,melarang
ojol,ojek online
betuulll,betul
ngeganggu,mengganggu
blio,beliau
duuh,aduh
min,minimal
ijinkan,izinkan
rp,rupiah
pembngunan,pembangunan
pegawe,pegawai
krjaanx,kerjaannya
tmbah,tambah
ckup,cukup
trsiksa,tersiksa
pduli,peduli
dpermaslahin,dipermasalahkan
tuhh,itu
dengerin,dengarkan
klompokmu,kelompokmu
waraskah,sehatkah
idupnya,hidupnya
brsyukur,bersyukur
mnyumpah,menyumpah
mnyalahkannya,menyalahkan
dsna,disana
mnghilangkan,menghilangkan
iklas,ikhlas
next,selanjutnya
troooos,terus
prilaku,perilaku
ngerugiin,merugikan
ngibulin,membohongi
kebtulan,kebetulan
keknya,sepertiya
sucses,sukses
mingkatkan,meningkatkan
capai,raihan
smp,sampai
nongol,muncul
nyengol,menyenggol
sx,sekali
prbanyak,perbanyak
nyurangi,mencurangi
aplgi,apalagi
kuwat,kuat
wo,prabowo
hadhewwh,aduh
mengritik,mengkritik
jadiin,jadikan
doang,aja
pjalanan,perjalanan
bjalan,berjalan
bareng,bersama
kereeeeen,keren
buktiin,buktikan
kbijakan,kebijakan
diandalin,diandalkan
pmahaman,pemahaman
hiduuup,hidup
macettt,macet
bnykkkk,banyak
tlur,telur
kzl,kesal
sdri,sendiri
tuntas,selesai
swtu,sewaktu
dirmhny,dirumahnya
x,kali
lahirny,lahirnya
tks,terima kasih
ntah,entah
smuanya,semuanya
ngejelasin,menjelaskan
ngebela,membela
kebijkkan,kebijakkan
bukankh,bukankah
manasin,memanaskan
tergantng,tergantung
mngakui,mengakui
memojokkn,memojokkan
pemwrintah,pemerintah
nh,ini
ngakak,ketawa
dpisahkan,dipisahkan
msyarakat,masyarakat
muter,mutar
ngimbangin,mengimbangi
msyrkt,masyarakat
bhrp,berharap
jeblosin,jebloskan
mentskkan,mentersangkakan
agk,agak
biarin,biarkan
sdngkan,sedangkan
percyakan,percayakan
mlnjutkan,melanjutkan
dolo,dulu
py,punya
tar,nanti
tuuh,itu
beneran,benaran
sygnya,sayangnya
sndri,sendiri
dijlnkn,dijalankan
dasr,dasar
brdasar,berdasar
hbat,hebat
bersykur,bersyukur
bhan,bahan
kmpung,kampung
sbelom,sebelum
ngaca,mengaca
hmpir,hampir
merka,mereka
sgtunya,segitunya
sgitunya,segitunya
ddukung,didukung
ngebangun,membangun
kasian,kasihan
bapake,bapak
balikx,baliknya
tnang,tenang
ckp,cukup
care,peduli
sbaliknya,sebaliknya
bnget,banget
brharap,berharap
mjdi,menjadi
nunjukkin,menunjukkan
dianggep,dianggap
antum,kamu
sgat,sangat
pdhal,padahal
ngebet,ingin
macem,macam
sempet,sempat
ketrbatasan,keterbatasan
mdhan,mudahan
hidupin,hidupkan
matiin,matikan
nyaci,mencaci
kerna,karena
ngelunjak,melunjak
lkukan,lakukan
tggu,tunggu
mmbuat,membuat
hlang,hilang
brjuang,berjuang
trjdi,terjadi
mencermari,mencermati
amazing,luar biasa
apal,hapal
mpengaruhi,memperngaruhi
jokiwi,jokowi
jw,jokowi
sbabnya,sebabnya
nggembosi,menurunkan
disengajain,disengajakan
postif,positif
mbubarin,membubarkan
trlah,telah
mencrderai,mencederai
efect,efek
terkhir,terakhir
ngasih,memberi
mmperjuangkan,memperjuangkan
gatau,tidak tahu
nyembunyiin,menyembunyikan
brantas,berantas
blangsakan,brengsek
kuatir,khawatir
korup,korupsi
digeber,dibangun
mumpuni,mahir
lw,kalau
mngkritik,mengkritik
gaada,tidak ada
gada,tidak ada
krismon,krisis moneter
memvitnah,memfitnah
kpntigan,kepentingan
menggembosinya,menjatuhkannya
sodori,serahkan
ibaratny,ibaratnya
rupiahny,rupiahnya
smenjak,semenjak
neg,negara
ngiri,iri
menyukurinya,mensyukurinya
terms,termasuk
krjnya,kerjanya
shgga,sehingga
ono,sana
bgtu,begitu
menyosialisasikan,mensosialisasikan
smntara,sementara
dijlnkan,dijlnkan
lapaangan,lapangan
sirik,syirik
aer,air
meloco,menyelam
walahhh,aduh
kolap,jatuh
kmu,kamu
kmi,kami
usah,perlu
mengolok,mengejek
olokan,ejekan
menunjungi,mengunjungi
pedasssss,pedas
apelagi,apalagi
kangkangi,langkahi
mengangkangi,melangkahi
hopeless,putus asa
dbngun,dibangun
idzin,izin
kebijakn,kebijakan
sayank,sayang
terusin,teruskan
tenaang,tenang
menghambukan,menghamburkan
sidah,sudah
mempitnah,memfitnah
memanpaatkan,memanfaatkna
teledor,ceroboh
keteledorannya,kecerobohannya
hatter,pembenci
memgakui,mengakui
setifikat,sertifikat
pemrintahan,pemerintahan
mmnjakan,memanjakan
klpknya,kelompoknya
trgantung,tergantung
dibiasain,dibiasakan
ngawatirin,mengkhawatirkan
maksdux,maksudnya
targetx,targetnya
bapakx,bapaknya
mhon,mohon
kab,kabupaten
dger,dengar
senengnya,senangnya
mainin,mainkan
pntg,penting
knal,kenal
kpanye,kampanye
nyinyirin,nyinyirkan
ramadan,ramadhan
trrjrmahkan,terjemahkan
nyiarin,nyiarkan
sebellll,kesal
wlw,walaupun
mersa,merasa
naikny,naiknya
turunya,turunya
penantangny,penantangnya
dkarenakan,dikarenakan
prtama,pertama
kalow,kalau
brbagei,berbagai
issuenya,isunya
seblumnya,sebelumnya
dperhatiin,diperhatikan
sjhtra,sejahtera
ngabur,kabur
kalo,kalaupun
pisimis,pesimis
kabopaten,kabupaten
enjoy,santai
bertany,bertanya
infrastrktr,infrastruktur
ind,indonesia
brduka,berduka
prjuangan,perjuangan
trsisa,tersisa
bgi,bagi
kabinetny,kabinetnya
tuuu,itu
jend,jenderal
dijaman,dizaman
harusny,harusnya
zholim,zalim
menajdi,menjadi
kyaknya,sepertinya
kayak,seperti
udelnya,koridornya
cetdas,cerdas
sebaiknya,sebaiknya
hadeh,aduh
radicalism,radikalisme
ngapus,menghapus
kepaikan,kepanikan
pnyebabnya,penyebabnya
kmdian,kemudian
keluain,keluarkan
menzhalimi,menzalimi
menjdi,menjadi
cembetut,cemberut
mnuduh,menuduh
brprikemanusiaan,berperikemanusiaan
kenajuan,kemajuan
terdzolimi,terzalimi
lanjot,lanjut
troooos,terus
mgakibatkan,mengakibatkan
banyaakkk,banyak
saaaangat,sangat
terusssssss,terus
dholim,zalim
otakx,otaknya
kayaknya,sepertinya
dek,adik
trprovokasi,terprovokasi
dah,sudah
brisik,berisik
buaaangeet,banget
disinilh,disinilah
mmbangun,membangun
keluarin,keluarkan
gx,tidak
bahlul,bodoh
sbrp,seberapa
ilangin,hilangkan
heasteg,hastag
brjalan,berjalan
smua,semua
skli,sekali
ngadepin,menghadapi
pliss,tolong
simple,sederhana
sertipikat,sertifikat
nglibasnya,melibasnya
perobahan,perubahan
memange,memangnya
becus,mampu
giring,mengantarkan
menggiring,mengantarkan
trlalu,terlalu
kykny,sepertinya
slahkan,salahkan
trun,turun
kedele,kedelai
tksih,terima kasih
mabok,mabuk
mabokkkk,mabuk
mlai,mulai
mgkritik,mengkritik
kweereenn,keren
seprt,seperti
gerindrong,gerinda
energy,energi
ayoolah,ayolah
brooo,bro
sewot,sebal
jaman,zaman
pakde,pakdhe
oposan,oposisi
bejibun,banyak
paleng,sakit kepala
semrawutnya,tidak teratur
mdp,mendapat
kecyduk,ketangkap
sdangkan,sedangkan
taux,tahunya
brcadar,bercadar
brbahaya,berbahaya
mnerbitkan,menerbitkan
dibrikan,diberikan
simplenya,sederhananya
mlyr,miliyar
dizholimi,dizalimi
mningkatkan,meningkatkan
ngara,negara
trstruktur,terstruktur
banggain,banggakn
maluuuu,malu
hub,hubungan
prof,professor
tdak,tidak
sebelumx,sebelumnya
pelanggaranx,pelanggaranya
pst,pasti
lgsung,langsung
mnyalahkan,menyalahkan
sblumnya,sebelumnya
rangorang,orang-orang
bc,baca
dilanjutin,dilanjutkan
ngmg,bicara
gapernah,tidak pernah
setujuuu,setuju
pnghargaan,penghargaan
sjumlah,sejumlah
pnderitaan,penderitaan
kmatian,kematian
gpernah,tidak pernah
mnjelekan,menjelekan
mosok,masa
jlslah,jelaslah
jls,jelas
dbandingkan,dibandingkan
komit,komitmen
negriku,negeriku
pengenne,pengennya
terimakasih,terima kasih
dimaluin,dimalukan
mengijinkan,mengizinkan
leadership,kepemimpinan
msng,masing
hadeuhhhh,aduh
sistim,sistem
downgrade,menjatuhkan
konsen,konsentrasi
sempetnya,sempatnya
ditandingin,ditandingkan
insta,instragam
mgkambing,mengkambing
ngebahas,membahas
fak,fakultas
pngorbanan,pengorbanan
brlaku,berlaku
kbencian,kebencian
wspresnya,wakil presidennya
kate,kata
ngimpi,mimpi
prmintaan,permintaan
berbhakti,berbakti
berpikirlh,berpikirlah
gebukk,hajar
mmbedakan,membedakan
cuitan,tweet
oplosan,oposisi
gatot,gagal total
masiiiiiih,masih
jobnya,pekerjaanya
lancarrrr,lancar
jayaaaa,jaya
dibthkan,dibutuhkan
khabar,kabar
pencaoaian,pencapaian
pmrth,pemerintah
twit,tweet
mgk,mungkin
streesss,stres
concern,perhatian
mn,mana
mendaptkan,mendapatkan
kbrukannya,keburukannya
dsn,disana
sudahh,sudah
brita,berita
mnyngkut,menyangkut
sebh,sebuah
sbh,sebuah
telolis,teroris
gimana,bagaimana
gmana,bagaimana
phm,paham
prntyaan,pertanyaan
hadeeehhhh,aduh
duwet,uang
berusha,berusaha
rijik,rizieq
ijinnya,izinnya
dikuatirkan,dikhawatirkan
memg,memang
ketebaaak,ketebak
pembngunny,pembangunannya
hatters,pembenci
tobat,taubat
sblom,sebelum
digituin,digitukan
dtgi,datangi
pmrintahan,pemerintahan
 lnjutx,lanjutnya
kptusan,keputusan
berenti,berhenti
ketdkjujuran,ketidakjujuran
pobus,politik busuk
mhsw,mahasiswa
padahl,padahal
rkayat,rakyat
bangs,bangsa
ludes,habis
ancuuurrrr,hancur
ngemengnya,bicaranya
ndeso,kampungan
semntara,sementara
ajaa,aja
mmprtimbgkan,mempertimbangkan
brikutnya,berikutnya
sbenernya,sebenarnya
mnancapkan ,menancapkan
lawak,lucu
mlongo,melongo
lawakan,kelucuan
kibulin,bodoh
oon,bodoh
goblkannnya,bodohnya
kuasaaaaa,kuasa
slanjutnya,selanjutnya
trhadp,terhadap
aqnya,akunya
cumen,hanya
cnderung,cenderung
nihhh,ini
cebongerssss,cebong
bersatulahhhhh,bersatu
ngibul,bohonh
ngemis,mengemis
naikin,naikan
 ngramein,meramaikan
bobo,tidur
presd,presiden
kykna,sepertinya
jkt,jakarta
plgi,apalagi
wkt,waktu
betulll,betul
bangetttttt,banget
cepetanlah,cepatlah
eneg,bosan
muaaantap,mantap
ddaerh,didaerah
mlik,milik
akhrx ,akhirnya
ngimpiii,mimpi
ngeributin,meributkan
kowar,teriak
kacaw,kacau
komentnya,komentarnya
gaesss,gaes
wowok,prabowo
mrsakan,merasakan
pjk,pajak
memgakui,mengakui
bgaimana,bagaimana
mnyebabkan,menyebabkan
tkasih,terima kasih
mmilih,memilih
mengatakn,mengatakan
tidk,tidak
pembngunan,pembangunan
apakh,apakah
kusruh,kisruh
brantakan,berantakan
kepercyaan,kepercayaan
wooww,wow
kmd,kemudian
klw,kalau
weleh,aduh
skp,sikap
perduli,peduli
ngeretweet,retweet
njelekin,menjelekkan
nich,ini
lengkapx,lengkapnya
taon,tahun
taun,tahun
sombink,sombong
merdekaaaa,merdeka
jlek,jelek
jlekin,jelekan
kebijaksanaanany,kebijaksanaanya
dduk,duduk
seblh,sebelah
pndukung,pendukung
beaya,biaya
hadehh,aduh
endonesia,indonesia
drusak,dirusak
weee,woi
sampek,sampai
situeee,si tua
raissso,rais
thu,tahu
bdg,bandung
segede,sebesar
mikirrrr,mikir
tekno,teknologi
prnyataan,pernyataan
dipinpim,dipimpin
dahhh,sudah
mndukung,mendukung
waduuhh,aduh
kemngkinan,kemungkinan
menjdai,menjadi
gapai,raih
guoblok,bodoh
fairnya,adilnya
lom,belum
mangkanya,makanya
piara,pelihara
mnjelang,menjelang
memprofokasi,memprovokasi
esmosi,emosi
ama,sama
mnstimulasi,menstimulasi
tgh,tengah
blkgn,belakangan
lgkh,langkah
shodokoh,sedekah
jan,jangan
kaga,tidak
gmpang,mudah
dkorupsi,dikorupsi
propinsi,provinsi
swdra,saudara
efpei,fpi
mw,mau
ngelamar,melamar
sinting,gila
benernya,benarnya
nasibx,nasibnya
bertobat,bertaubat
beropeni,beropini
jepun,jepang
brani,berani
prusahaan,perusahaan
walo,walau
kuneng,kuning
kumplan,kumpulan
mandek,macet
tiorinya,teorinya
ptateknya,prakteknya
twiterr,twitter
aduhh,aduh
britamu,beritamu
ritwitt,retweet
sorga,surga
sorgawi,surgawi
sangattttttt,sangat
kbar,kabar
gda,tidak ada
ggal,gagal
krupuk,kerupuk
romadhon,ramadhan
msrkt,masyarakat
twitnya,tweetnya
nenjadi,menjadi
dsinilh,disinilah
emank,memang
asyikkk,asyik
jebol,bocor
plening,rencana
gnkn,gunakan
tweter,twitter
mantaap,mantap
twitt,tweet
tmsk,termasuk
warbasah,luar biasa
pedahal,padahal
mingkem,diam
sori,maaf
bapake,bapak
smog,smeoga
beliu,beliau
bbicara,berbicara
mst,mesti
skt,sakit
pem,pemerintahan
polow,follow
polower,follower
mbk,mbak
rasax,rasanya
mstinya,mestinya
prbnyak,perbanyak
tercyduk,terciduk
tuitnya,tweetnya
ngelaguin,melagukan
kmbli,kembali
prabs,prabowo
ajuan,acuan
napsu,nafsu
nggumum,bicara
hooh,iya
gub,gubernur
comment,komentar
kopolri,kapolri
ngundang,mengundang
ngmong,bicara
anccoorrr,hancur
rizik,rizieq
dititipin ,dititipkan
adax,adanya
ladenin,lawan
tngkt,tingkat
bingits,banget
ogah,malas
berksinambungan,berkesinambungan
istimew,istimewa
dimsyrkt,dimasyarakat
sukur,syukur
kss,kasus
ngobrolin,bicara
dolo,dulu
dishere,dishare
mendowngrade,menjatuhkan
mbntu,membantu
gagaly,gagalnya
ngejudge,menilai
mbacot,menyinyir
awass,awas
pantes,pantas
pantesan,pantas
ngarti,mengerti
mngtkn,mengaitkan
mnjthkan,menjatuhkan
stju,setuju
rezek,rieziq
dikawatirkan,dikhawatirkan
hepi,senang
tanyaken,tanyakan
nyalahken,menyalahkan
teriakx,teriaknya
kluarkan,keluarkan
komenan,komentar
gbr,gambar
dipiara,dipelihara
dilkkn,dilakukan
pala,kepala
ancurrr,hancur
kebakaean,kebakaran
teruus,terus
pngusaha,pengusah
akbat,akibat
prmainan,permainan
mlalui,melalui
prmainn,permainan
aduhhh,aduh
mngendalikan,mengendalikan
fesbuk,fb
idiologi,ideologi
segla,segala
mengembngkan,mengembangkan
sbtkan,sebutkan
pjalanan,perjalanan
makane,makanya
bleh,boleh
perstasi,prestasi
goblokk,bodoh
ngomingin,bicara
teejadi,terjadi
kalopun,kalaupun
teelalu,teralu
bersampak,berdampak
bikinan,buatan
waow,waw
membgn,membangun
menghadirkn,menghadirkan
keabisan,kehabisan
nyenengin,menyenangkan
kpl,kepala
parte,partai
pmbngunan,pembangunan
babe,bapak
percya,percaya
teebukti,terbukti
pnyebab,penyebab
tweeter,twitter
 brow,bro
ny,nya
jkowi,jokowi
jau,jauh
hestek,hastag
stupun,satu pun
lawans,lawan
wuih,wow
pemake,pemakai
yahh,ya
horang,orang
borju,kaya
pembrdayaan,pemberdayaan
mmberi,memberi
woiii,woi
rasmikan,resmikan
berpa,berapa
doank,saja
oalah,aduh
khan,kan
bravoo,bravo
masi,masih
fulus,uang
memanage,memanajemen
yups,ya
brtindak,bertindak
pngen,ingin
manaaa,mana
najibs,najib
kayanya,sepertinya
bp,bapak
halooo,halo
ngantok,ngantuk
kibijakanya,kebijakanya
tanggepan,tanggapan
ckhusus,khusus
masak,masa
masakkk,masa
uda,sudah
hoaks,hoax
divbanding,dibanding
nyamber,komentar
dsb,dan sebagainya
certdas,cerdas
sistm,sistem
trsebarnya,tersebarnya
prcakapan,percakapan
pnjng,panjang
dftar,daftar
dftr,daftar
zoook,zon
zoonk,zon
miikiiirrr,mikir
laaaah,lah
kasi,kasih
ketje,keren
harha,harga
sanhat,sangat
pokoke,pokoknya
ngembat,mengambil
bingiiit,banget
wiiihhhhh,wow
 luaaaarrrrr,luar
binasaaaaaa,biasa
saiyah,saya
ngeriiikkk,ngeri
iyaaaa,iya
getohhh,gitu
iyeeesss,ya
dolar,dollar
ohhh,oh
mengembembangkan,mengembangkan
positiv,positif
tarlalu,terlalu
kn,kan
pundasi,pondasi
ridzik,rizieq
naini,nah ini
ko,kok
prsiden,presiden
halah,aduh
lu,kamu
ngerocos,mengkritik
period,periode
sebrang,seberang
pngin,ingin
pade,om
twittnya,tweetnya
brusaha,berusaha
mjaga,menjaga
sipp,sip
ndan,komandan
insyaalloh,insya allah
yaa,ya
sesang,sedang
pempus,pemerintah pusat
smntr,sementara
kewmudi,kemudi
dian,diam
s,setuju
slu,selalu
kekencengan,kekencangan
atu,atau
pokoe,pokoknya
matur,terima
nuhun,kasih
lucuuu,lucu
gakada,tidak ada
ngeluarin,mengeluarkan
gaksah,tidak usah
smentara,sementara
smntra,sementara
pesaat,pesat
mamah,mama
luconnn,lucu
diberika,diberikan
srbelum,sebelum
kegedean,kebesaran
inshaallah,insya allah
bini,istri
kemrin,kemarin
shinga,sehingga
meyiapkan,menyiapkan
ahiri,akhiri
sizonkk, si zon
upppsss,ups
ingggaaat,ingat
setuap,setiap
punyak,punya
kelamgkaan,kelangkaan
bio,biografi
mnrskan,meneruskan
dikhndaki,dikehendaki
rapih,rapi
negriku,negeriku
gwa,aku
konven,konvensional
ngaco,kacau
utangnya,hutangnya
meakipun,meskipun
ooh,oh
owi,jokowi
kultwit,kultweet
dech,deh
susahhhh,susah
korupsiiii,korupsi
semuaa,semua
ngekampanyein,mengempanyekan
woooowwww,wow
ahsuuudahlah,sudahlah
berkomntar,berkomentar
parahhh,parah
dijelasin,dijelaskan
sabarr,sabar
keciiiiilllll,kecil
beresssss,selesai
yessss,ya
pgganyangan,pengganyangan
mangkrakkk,mangkrak
pfof,professor
membaraaaa,membara
istrahat,istirahat
wooowww,wow
lapaaaaar ,lapar
pkok,pokok
stress,stres
lohhh,loh
hadeuuuhhhhh,aduh
yach,ya
sich,sih
ksimpulannya,kesimpulannya
setaaaann,setan
mrngkritik ,mengkritik
ngtwit,ngetweet
selma,selama
amrik,amerika
naah,nah
stadiun,stadion
artix,artinya
hendk,hendak
kejdan,kejadian
ky,seperti
gimane,bagaimana
selah,seolah
simplekan,sederhanakan
tayngan,tayangan
pemilihanny,pemilihannya
merakan,merasakan
pjbat,pejabat
pjabat,pejabat
pokomen,pokoknya
presidenx,presidenya
sebelmnya,sebelumnya
sh,sih
krang,kurang
klem,kalem
hdp,hidup
goodbye,selamat tinggal
didzolimi,dizallimi
dzolim,zalim
maap,maaf
sx,sekali
apriasi,apresiasi
brlangsung,berlangsung
lha,lah
alm,almarhum
tmbahkah,tambahkan
ktka,ketika
pnyesuaia,penyesuaian
sgra,segera
panjenengan,anda
udeh,sudah
hadooohhh,aduh
bucara,bicara
kitta,kita
yep,ya
trcyduk,terciduk
mr,tuan
nyante,santai
usha,usaha
digangu,diganggu
widihhh,aduh
mnyalahkn,menyalahkan
brsan,barusan
ust,ustadz
somay,somad
tertamvan,tertampan
msknya,masuknya
menyerng,menyerang
kbijakn,kebijakan
zholimin,zalimi
tahn,tahun
kemren,kemarin
ksini,kesini
kenacetan,kemacetan
ayoooo,ayo
disyahkan,disahkan
dispin,dimasukkan
dgenjot,digenjot
teyussss,terus
mengerikannn,mengerikan
ustat,ustadz
blon,belum
kapok,menyerah
menselaraskan,menyelaraskan
prestasiny,prestasinya
mapia,mafia
tdh,terhadap
ln,luar negeri
nyautin,jawab
ito,itu
muncung,mulut
twrwujud,terwujud
brow,bro
ps,prabowo subianto
etdah,entah
mngintimidasi,mengintimidasi
gedhe,besar
asa,ada
mta,mata
prng,perang
terabas,terobos
koropsinya,korupsinya
menggadeikan,menggadaikan
lngkah,langkah
mngmbil,mengambil
mengalit,mengalir
prog,program
angg,anggota
sedeehana,sederhana
maslah,masalah
dongak,bodoh
cthin,contohkan
berjalann,berjalan
fz,fadlin zon
fh,fahri hamzah
hrs,habib rizieq shihab
njenengan,anda
iyyaa,iya
bwng,bawang
kenp,kenapa
nyok,yuk
nakin,makin
keliatannya,kelihatannya
uahakan,usahakan
vaham,paham
senoga,semoga
beresin,selesaikan
aaaahhh,ah
hatur,terima
tadz,ustadz
mensupporrt,mendukung
aslm,assalamualaikum
lalau,kalau
ora,tidak
good,bagus
job,kerja
yaelahhh,aduh
dsbnya,dan sebagainya
oposannya,oposisinya
pmbagian,pembagian
tuir,tua
nrocos,cerewet
 preaiden,presiden
disampekan,disampaikan
padli,fadli
ngutarakan,mengutarakan
gblk,bodoh
msi,masih
ituuu,itu
noh,ini
aduuh,aduh
raisopopo,tidak bisa apa apa
afalah,adalah
ngatain,mengejek
ngelepaskan,melepaskan
transortasi,transportasi
disumpet,disumbat
mampooss,mampus
dith,ditahun
kuwat,kuat
zong,zon
clear,selesai
mangka,maka
ustad,ustadz
bangat,banget
judulnyaaaa,judulnya
vidio,video
berpungsi,berfungsi
mengaiui,mengakui
kunerja,kinerja
mka,maka
yaqin,yakin
udau,sudah
syoiton,setan
terhtmt,terhormat
masyaaakkk,masa
kerennnn,keren
waraskah,sehatkan
puanjang,panjang
diselsaikan,diselesaikan
ilnu,ilmu
dlewati,dilewati
ay,aku
resek,rizieq
jermihkan,jernihkan
ngefitnah,memfitnah
bahasanye,bahasanya
yowesss,ya sudah
nyeloteh,nyinyir
seriussan,serius
sekrang,sekarang
pakk,bapak
inii,ini
baguus,bagus
mendtang,mendatang
dkit,dikit
ktimbang,ketimbang
bobok,tidur
peminpin,pemimpin
berti,berarti
rrzim,rezim
nga,tidak
diee,dia
im,saya
hello,halo
aing,saya
cyduknya,ciduknya
fuchri,fahri
 usahhhh,usah
dasaarr,dasar
mlkukan,melakukan
gosah,tidak usah
israhell,israel
dimodalin,dimodalkan
benerin,benarkan
minusnhya,minusnya
sukaaa,suka
neg,negara
bgmpun,bagaimanapun
wuiihhh,wow
negiri,negeri
ssma,sesama
pliss,tolong
menjelekkn,menjelekkan
ideolgi,ideologi
mmbenarkan,membenarkan
buanget,banget
ditelen,ditelan
mkritik,mengkritik
dimaenin,dimainkan
yaudehh,ya sudahlah
gaosah,tidak usah
nyuri,mencuri
gaperlu,tidak perlu
idialis,idealis
gaakan,tidak akan
please,tolong
aminnn,amin
eeeeh,eh
ekomi,ekonomi
brpikirnya,berpikirnya
kebaikn,kebaikan
mnghadiri,menghadiri
sumpeh,sumpah
ngincer,mengincar
awaaas,awas
tjuan,tujuan
mendngar,mendengar
cr,cara
hadewww,aduh
menyambng,menyambung
serifikat,sertifikat
terentuh,tersentuh
abisnya,habisnya
kpatutan,kepatutan
ngelihat,melihat
makash,terima kasih
plesiden,presiden
menciptkan,menciptakan
jjran,jajaran
ancorr,hancur
tooop,top
ud,sudah
judulnyaaaa,judulnya
mrs,merasa
ngartiin,mengartikan
brhak,berhak
jstru,justru
kreta,kereta
setop,berhenti
begho,bodoh
sblm,sebelum
dpat,dapat
dngan,dengan
mhd,mahfud
trnyata,ternyata
kutengok,aku lihat
ditengok,dilihat
kelian,kalian
banyk,banyak
adminostrasi,administrasi
ngritik,kritik
ngurusin,mengurus
ngapusi,menghapus
haturkan,ucapkan
persolan,persoalan
adalh,adalah
menganti,mengganti
system,sistem
kayakny,sepertinya
percy,percaya
mnghormati,menghormati
bls,balas
mengepalai,memimpin
tpi,tapi
dripd,dari pada
mmberikan,memberikan
kedzaliman,kezaliman
brseberangan,berseberangan
pnenggelaman,penenggelaman
ngerawat,merawat
selow,santai
